book	chapter	verse	greek	note	source
Matthew	17	21	Τοῦτο δὲ τὸ γένος οὐκ ἐκπορεύεται εἰ μὴ ἐν προσευχῇ καὶ νηστείᾳ.	Also attested in BYZ/TR; many early MSS lack this verse here (cf. Mark 9:29).	BGB fn + BYZ/TR
Matthew	18	11	Ἦλθεν γὰρ ὁ υἱὸς τοῦ ἀνθρώπου σῶσαι τὸ ἀπολωλός.	Also attested in BYZ/TR; many early MSS lack this verse here (cf. Luke 19:10).	BGB fn + BYZ/TR
Matthew	23	14	Οὐαὶ ὑμῖν, γραμματεῖς καὶ Φαρισαῖοι ὑποκριταί, ὅτι κατεσθίετε τὰς οἰκίας τῶν χηρῶν καὶ προφάσει μακρὰ προσευχόμενοι· διὰ τοῦτο λήψεσθε περισσότερον κρίμα.	Attested in TR at this verse; many early MSS lack it here (cf. Mark 12:40; Luke 20:47). Byzantine copies place this sentence at 23:13, with δέ.	TR widow woe at v.14; BYZ places it at 23:13
Mark	7	16	Εἴ τις ἔχει ὦτα ἀκούειν ἀκουέτω.	Also attested in BYZ/TR; many early MSS lack this verse here (cf. Mark 4:9, 23).	BGB fn + BYZ/TR
Mark	9	44	ὅπου ὁ σκώληξ αὐτῶν οὐ τελευτᾷ, καὶ τὸ πῦρ οὐ σβέννυται.	Also attested in BYZ/TR; repeats Mark 9:48; many early MSS lack this verse here.	BGB fn + BYZ/TR
Mark	9	46	ὅπου ὁ σκώληξ αὐτῶν οὐ τελευτᾷ, καὶ τὸ πῦρ οὐ σβέννυται.	Also attested in BYZ/TR; repeats Mark 9:48; many early MSS lack this verse here.	BGB fn + BYZ/TR
Mark	11	26	Εἰ δὲ ὑμεῖς οὐκ ἀφίετε, οὐδὲ ὁ πατὴρ ὑμῶν ὁ ἐν τοῖς οὐρανοῖς ἀφήσει τὰ παραπτώματα ὑμῶν.	Also attested in BYZ/TR; many early MSS lack this verse here (cf. Matthew 6:15).	BGB fn + BYZ/TR
Mark	15	28	Καὶ ἐπληρώθη ἡ γραφὴ ἡ λέγουσα, Καὶ μετὰ ἀνόμων ἐλογίσθη.	Also attested in BYZ/TR; many early MSS lack this verse here (cf. Isaiah 53:12; Luke 22:37).	BGB fn + BYZ/TR
Luke	17	36	δύο ἔσονται ἐν τῷ ἀγρῷ· ὁ εἷς παραληφθήσεται, καὶ ὁ ἕτερος ἀφεθήσεται.	Attested in some TR witnesses; many Greek MSS lack this verse here (cf. Matthew 24:40).	BGB fn + TR
Luke	23	17	Ἀνάγκην δὲ εἶχεν ἀπολύειν αὐτοῖς κατὰ ἑορτὴν ἕνα.	Also attested in BYZ/TR; many early MSS lack this verse here (cf. Matthew 27:15; Mark 15:6).	BGB fn + BYZ/TR
John	5	4	ἄγγελος γὰρ κατὰ καιρὸν κατέβαινεν ἐν τῇ κολυμβήθρᾳ καὶ ἐτάρασσε τὸ ὕδωρ· ὁ οὖν πρῶτος ἐμβὰς μετὰ τὴν ταραχὴν τοῦ ὕδατος ὑγιὴς ἐγίνετο, ᾧ δήποτε κατείχετο νοσήματι.	Also attested in NE/BYZ/TR with 5:3b; many early MSS lack this verse.	BGB fn + NE/BYZ/TR
Acts	8	37	εἶπε δὲ ὁ Φίλιππος, Εἰ πιστεύεις ἐξ ὅλης τῆς καρδίας, ἔξεστιν. ἀποκριθεὶς δὲ εἶπε, Πιστεύω τὸν υἱὸν τοῦ Θεοῦ εἶναι τὸν Ἰησοῦν Χριστόν.	Attested in TR; many Greek MSS lack this verse here.	BGB fn + TR
Acts	15	34	ἔδοξε δὲ τῷ Σίλᾳ ἐπιμεῖναι αὐτοῦ.	Attested in TR; many Greek MSS lack this verse here.	BGB fn + TR
Acts	24	7	Παρελθὼν δὲ Λυσίας ὁ χιλίαρχος μετὰ πολλῆς βίας ἐκ τῶν χειρῶν ἡμῶν ἀπήγαγεν,	Also attested in BYZ/TR (with 24:6b–8a); many early MSS lack this verse here.	BGB fn + BYZ/TR
Acts	28	29	Καὶ ταῦτα αὐτοῦ εἰπόντος, ἀπῆλθον οἱ Ἰουδαῖοι, πολλὴν ἔχοντες ἐν ἑαυτοῖς συζήτησιν.	Also attested in BYZ/TR; many early MSS lack this verse here.	BGB fn + BYZ/TR
Romans	16	24	Ἡ χάρις τοῦ κυρίου ἡμῶν Ἰησοῦ Χριστοῦ μετὰ πάντων ὑμῶν. Ἀμήν.	Also attested in SBL/BYZ/TR; many early MSS lack this verse here (cf. 16:20).	BGB fn + SBL/BYZ/TR
